{
  "project_info": {
    "project_number": "301006963975",
    "firebase_url": "https://project-31bb2-default-rtdb.firebaseio.com",
    "project_id": "project-31bb2",
    "storage_bucket": "project-31bb2.appspot.com"
  },
  "client": [
    {
      "client_info": {
        "mobilesdk_app_id": "1:301006963975:android:e9d1da0664e9b8fed6b1a2",
        "android_client_info": {
          "package_name": "com.project.tokoai"
        }
      },
      "oauth_client": [
        {
          "client_id": "301006963975-l5oi32hgntms20cua7a7hkqtml0bk1rk.apps.googleusercontent.com",
          "client_type": 3
        }
      ],
      "api_key": [
        {
          "current_key": "AIzaSyD1fPk8EmG43hoUEJX3_o7-YV4I-vcasZc"
        }
      ],
      "services": {
        "appinvite_service": {
          "other_platform_oauth_client": [
            {
              "client_id": "301006963975-l5oi32hgntms20cua7a7hkqtml0bk1rk.apps.googleusercontent.com",
              "client_type": 3
            }
          ]
        }
      }
    }
  ],
  "configuration_version": "1"
}